name,cios (ns/op)
02,1.07400E+01
03,1.82000E+01
04,2.91400E+01
05,4.61200E+01
06,6.17000E+01
07,8.44800E+01
08,1.09600E+02
09,1.34600E+02
10,1.69400E+02
11,2.06800E+02
12,7.51800E+02
13,8.83000E+02
14,1.02440E+03
15,1.17020E+03
16,1.35160E+03
17,1.53840E+03
18,1.74140E+03
19,2.02500E+03
20,2.13240E+03
21,2.41660E+03
22,2.65640E+03
23,2.83780E+03
24,3.09900E+03
25,3.33940E+03
26,3.64520E+03
27,3.94140E+03
28,4.30360E+03
29,4.80300E+03
30,5.25600E+03
31,5.74420E+03
32,6.57780E+03
